<?xml version="1.0" encoding="UTF-8"?><metadata>
    <idinfo>
        <citation>
            <citeinfo>
                <title>Population with less than a High School Education</title>
                <onlink>https://services2.arcgis.com/okXm0pb6aWH6XOGI/arcgis/rest/services/Population_with_less_than_a_High_School_Education/FeatureServer</onlink>
            </citeinfo>
        </citation>
        <descript>
            <abstract>This dataset was derived from federal data collected by the Census Bureau and Environmental Protection Agency and originally made available to the public on July 31, 2024. These data provide both summary and detailed information at the Census block group level for both demographic and environmental indicators.These data were selected from the Harvard Environment and Law Data (HELD) Collection to inform environmental justice in New York State. The data was uploaded to the HELD Collection on December 3rd, 2024 and downloaded by NYSDOS-OPDCI for service to the Geographic Information Gateway via this item on March 18th, 2025.  View Dataset on the Gateway</abstract>
            <purpose>Population with less than a High School Education (from 2024 New York State Environmental Justice Percentiles by Census Block Group)</purpose>
        </descript>
        <spdom>
            <bounding>
                <westbc>-79.76259340593855</westbc>
                <eastbc>-71.77749175154156</eastbc>
                <northbc>45.01587402102947</northbc>
                <southbc>40.476586202145455</southbc>
            </bounding>
        </spdom>
        <keywords>
            <theme>
                <themekt>None</themekt>
                <themekey>EJ</themekey>
                <themekey>Environmental Justice</themekey>
                <themekey>social vulnerability</themekey>
            </theme>
        </keywords>
        <accconst>None</accconst>
        <useconst>This dataset and related graphics are being provided to the public free of charge and for informational purposes only. They are not legal documents and are not intended to be used as such. This dataset was not prepared for, nor is it to be used for or relied upon for legal, engineering, navigation, or surveying purposes. The data are not better than the original sources from which they were derived. It is the responsibility of the data user to use the data appropriately and within the limitations of geospatial data in general, and these data in particular. Use of these data, where metadata reveals the source of the data, requires proper citation to the data source as provided. The New York Department of State is not responsible for improper or incorrect use of the data described and/or contained on this web site. The New York Department of State gives no warranty, expressed or implied, as to the accuracy, reliability, or completeness of these data. This disclaimer applies both to individual use of the data and aggregate use with other data. The New York Department of State makes no claims, promises, or guarantees about the accuracy, completeness, or adequacy of the datasets and expressly disclaims liability for errors and omissions in the contents of this dataset. No warranty of any kind, implied, expressed or statutory, including but not limited to warranties of non-infringement of third party rights, title, merchantability, fitness for a particular purpose and freedom from computer virus, is given with respect to the contents of this website or its hyperlinks to other Internet resources.</useconst>
        <ptcontac>
            <cntinfo>
                <cntorgp>
                    <cntorg>Harvard (IQSS)</cntorg>
                    <cntper>Carlson Sirvent León, Dylan</cntper>
                </cntorgp>
                <cntpos>Pre-Doctoral Fellow</cntpos>
            </cntinfo>
        </ptcontac>
        <datacred>US Census Bureau, EPA, Harvard Environment and Law Data (HELD) Collection</datacred>
    </idinfo>
    <metainfo>
        <metstdn>FGDC Content Standard for Digital Geospatial Metadata</metstdn>
        <metstdv>FGDC-STD-001-1998</metstdv>
        <mettc>local time</mettc>
    </metainfo>
</metadata>
