<?xml version="1.0" encoding="UTF-8"?><metadata>
    <idinfo>
        <citation>
            <citeinfo>
                <title>Superfund (CERCLA) Site Proximity</title>
                <onlink>https://services2.arcgis.com/okXm0pb6aWH6XOGI/arcgis/rest/services/Superfund_(CERCLA)_Site_Proximity/FeatureServer</onlink>
            </citeinfo>
        </citation>
        <descript>
            <purpose>Superfund (CERCLA) Site Proximity (from 2024 New York State Environmental Justice Percentiles by Census Block Group)</purpose>
        </descript>
        <spdom>
            <bounding>
                <westbc>-79.76259340593855</westbc>
                <eastbc>-71.77749175154156</eastbc>
                <northbc>45.01587402102947</northbc>
                <southbc>40.476586202145455</southbc>
            </bounding>
        </spdom>
        <keywords>
            <theme>
                <themekt>None</themekt>
                <themekey>EJ</themekey>
                <themekey>Environmental Justice</themekey>
                <themekey>social vulnerability</themekey>
            </theme>
        </keywords>
        <accconst>None</accconst>
        <useconst>None</useconst>
        <ptcontac>
            <cntinfo>
                <cntorgp>
                    <cntorg>Harvard (IQSS)</cntorg>
                    <cntper>Carlson Sirvent León, Dylan</cntper>
                </cntorgp>
                <cntpos>Pre-Doctoral Fellow</cntpos>
            </cntinfo>
        </ptcontac>
    </idinfo>
    <metainfo>
        <metstdn>FGDC Content Standard for Digital Geospatial Metadata</metstdn>
        <metstdv>FGDC-STD-001-1998</metstdv>
        <mettc>local time</mettc>
    </metainfo>
</metadata>
