<?xml version="1.0" encoding="UTF-8"?><metadata>
    <idinfo>
        <citation>
            <citeinfo>
                <origin/>
                <title>NYS Disadvantaged Communities (DAC)</title>
                <onlink>https://services7.arcgis.com/ZR2wjW0JGwgm9bhz/ArcGIS/rest/services/Final_DAC_Designated/FeatureServer/0</onlink>
            </citeinfo>
        </citation>
        <descript>
            <abstract>This dataset identifies areas throughout the State that meet the final disadvantaged community definition as voted on by the Climate Justice Working Group on March 27th, 2023. It contains the 4,918 census tracts in New York State and identifies the 1,736 census tracts that make up the current Disadvantaged Communities (DAC) definition. The dataset also includes the 45 indicators, expressed as a percentile ranking, used to determine each census tracts’ Environmental Burden and Climate Change Risks, and Population Characteristics and Health Vulnerabilities.The source for the Census Tract data is the US Census Bureau, Geography Division, Year 2019. For more information, please visit https://www.census.gov/cgi-bin/geo/shapefiles/index.php. The chosen 45 indicators represent a variety of data sources, both private and public. Further details on the methodology and resources can be found at https://climate.ny.gov/DAC-Criteria in the Technical Documentation, Indicator Prioritization and Selection section.</abstract>
            <purpose>This dataset identifies areas throughout the State that meet the final disadvantaged community definition as voted on by the Climate Justice Working Group on March 27th, 2023.</purpose>
        </descript>
        <spdom>
            <bounding>
                <westbc>-79.5285</westbc>
                <eastbc>-72.345</eastbc>
                <northbc>45.0159</northbc>
                <southbc>40.5604</southbc>
            </bounding>
        </spdom>
        <keywords>
            <theme>
                <themekt>None</themekt>
                <themekey>EJ</themekey>
                <themekey>Environmental Justice</themekey>
                <themekey>social vulnerability</themekey>
            </theme>
        </keywords>
        <accconst>None</accconst>
        <useconst>This dataset and related graphics are being provided to the public free of charge and for informational purposes only. They are not legal documents and are not intended to be used as such. This dataset was not prepared for, nor is it to be used for or relied upon for legal, engineering, navigation, or surveying purposes. The data are not better than the original sources from which they were derived. It is the responsibility of the data user to use the data appropriately and within the limitations of geospatial data in general, and these data in particular. Use of these data, where metadata reveals the source of the data, requires proper citation to the data source as provided. The New York Department of State is not responsible for improper or incorrect use of the data described and/or contained on this web site. The New York Department of State gives no warranty, expressed or implied, as to the accuracy, reliability, or completeness of these data. This disclaimer applies both to individual use of the data and aggregate use with other data. The New York Department of State makes no claims, promises, or guarantees about the accuracy, completeness, or adequacy of the datasets and expressly disclaims liability for errors and omissions in the contents of this dataset. No warranty of any kind, implied, expressed or statutory, including but not limited to warranties of non-infringement of third party rights, title, merchantability, fitness for a particular purpose and freedom from computer virus, is given with respect to the contents of this website or its hyperlinks to other Internet resources.</useconst>
        <datacred>New York State Energy Research and Development Authority (NYSERDA), openny@nyserda.ny.gov</datacred>
    </idinfo>
    <metainfo>
        <metstdn>FGDC Content Standard for Digital Geospatial Metadata</metstdn>
        <metstdv>FGDC-STD-001-1998</metstdv>
        <mettc>local time</mettc>
    </metainfo>
</metadata>
